filename,site,day,month,year,date,val<Pseudacris feriarum/Common Song>
PAM14_20230425_104000.wav,Site_12,25,4,23,4/25/2023,0
PAM14_20230425_125000.wav,Site_12,25,4,23,4/25/2023,0
PAM14_20230426_150000.wav,Site_12,26,4,23,4/26/2023,0
PAM14_20230426_152000.wav,Site_12,26,4,23,4/26/2023,0
PAM14_20230427_080000.wav,Site_12,27,4,23,4/27/2023,0
PAM14_20230427_081000.wav,Site_12,27,4,23,4/27/2023,0
PAM14_20230428_104000.wav,Site_12,28,4,23,4/28/2023,0
PAM14_20230429_062000.wav,Site_12,29,4,23,4/29/2023,0
PAM14_20230429_070000.wav,Site_12,29,4,23,4/29/2023,0
PAM14_20230429_074000.wav,Site_12,29,4,23,4/29/2023,0
PAM14_20230429_133000.wav,Site_12,29,4,23,4/29/2023,0
PAM14_20230430_103000.wav,Site_12,30,4,23,4/30/2023,0
PAM10_20230330_071000.wav,Site_18,30,3,23,3/30/2023,0
PAM10_20230412_110000.wav,Site_18,12,4,23,4/12/2023,0
PAM10_20230413_094000.wav,Site_18,13,4,23,4/13/2023,0
PAM10_20230415_094000.wav,Site_18,15,4,23,4/15/2023,0
PAM10_20230418_102000.wav,Site_18,18,4,23,4/18/2023,0
PAM10_20230418_111000.wav,Site_18,18,4,23,4/18/2023,0
PAM10_20230419_103000.wav,Site_18,19,4,23,4/19/2023,0
PAM10_20230420_084000.wav,Site_18,20,4,23,4/20/2023,0
PAM10_20230423_063000.wav,Site_18,23,4,23,4/23/2023,0
PAM1_20230226_144000.wav,Site_2,26,2,23,2/26/2023,0
PAM1_20230227_083000.wav,Site_2,27,2,23,2/27/2023,0
PAM1_20230227_133000.wav,Site_2,27,2,23,2/27/2023,0
PAM1_20230228_104000.wav,Site_2,28,2,23,2/28/2023,0
PAM1_20230228_154000.wav,Site_2,28,2,23,2/28/2023,0
PAM1_20230315_063000.wav,Site_2,15,3,23,3/15/2023,0
PAM1_20230316_063000.wav,Site_2,16,3,23,3/16/2023,0
PAM1_20230318_091000.wav,Site_2,18,3,23,3/18/2023,0
PAM1_20230324_080000.wav,Site_2,24,3,23,3/24/2023,0
PAM1_20230324_102000.wav,Site_2,24,3,23,3/24/2023,0
PAM1_20230412_065000.wav,Site_2,12,4,23,4/12/2023,0
PAM1_20230412_100000.wav,Site_2,12,4,23,4/12/2023,0
PAM1_20230412_104000.wav,Site_2,12,4,23,4/12/2023,0
PAM1_20230412_111000.wav,Site_2,12,4,23,4/12/2023,0
PAM1_20230413_070000.wav,Site_2,13,4,23,4/13/2023,0
PAM1_20230413_122000.wav,Site_2,13,4,23,4/13/2023,0
PAM1_20230414_114000.wav,Site_2,14,4,23,4/14/2023,0
PAM1_20230415_075000.wav,Site_2,15,4,23,4/15/2023,0
PAM1_20230415_121000.wav,Site_2,15,4,23,4/15/2023,0
PAM1_20230417_145000.wav,Site_2,17,4,23,4/17/2023,0
PAM1_20230420_115000.wav,Site_2,20,4,23,4/20/2023,0
PAM2_20230304_223000.wav,Site_21,4,3,23,3/4/2023,0
PAM2_20230304_224000.wav,Site_21,4,3,23,3/4/2023,1
PAM2_20230304_225000.wav,Site_21,4,3,23,3/4/2023,0
PAM2_20230304_235000.wav,Site_21,4,3,23,3/4/2023,0
PAM2_20230305_000000.wav,Site_21,5,3,23,3/5/2023,0
PAM2_20230305_221000.wav,Site_21,5,3,23,3/5/2023,0
PAM2_20230305_225000.wav,Site_21,5,3,23,3/5/2023,0
PAM2_20230305_230000.wav,Site_21,5,3,23,3/5/2023,0
PAM2_20230305_235000.wav,Site_21,5,3,23,3/5/2023,0
PAM2_20230306_210000.wav,Site_21,6,3,23,3/6/2023,0
PAM2_20230306_211000.wav,Site_21,6,3,23,3/6/2023,0
PAM2_20230306_213000.wav,Site_21,6,3,23,3/6/2023,0
PAM2_20230306_231000.wav,Site_21,6,3,23,3/6/2023,0
PAM2_20230306_232000.wav,Site_21,6,3,23,3/6/2023,0
PAM2_20230307_210000.wav,Site_21,7,3,23,3/7/2023,0
PAM2_20230307_211000.wav,Site_21,7,3,23,3/7/2023,0
PAM2_20230307_212000.wav,Site_21,7,3,23,3/7/2023,0
PAM2_20230307_213000.wav,Site_21,7,3,23,3/7/2023,0
PAM2_20230307_214000.wav,Site_21,7,3,23,3/7/2023,0
PAM2_20230307_215000.wav,Site_21,7,3,23,3/7/2023,0
PAM2_20230307_220000.wav,Site_21,7,3,23,3/7/2023,0
PAM2_20230307_221000.wav,Site_21,7,3,23,3/7/2023,0
PAM2_20230307_222000.wav,Site_21,7,3,23,3/7/2023,0
PAM2_20230307_223000.wav,Site_21,7,3,23,3/7/2023,0
PAM2_20230307_224000.wav,Site_21,7,3,23,3/7/2023,0
PAM2_20230307_225000.wav,Site_21,7,3,23,3/7/2023,0
PAM2_20230307_230000.wav,Site_21,7,3,23,3/7/2023,0
PAM2_20230307_231000.wav,Site_21,7,3,23,3/7/2023,0
PAM2_20230307_232000.wav,Site_21,7,3,23,3/7/2023,0
PAM2_20230307_233000.wav,Site_21,7,3,23,3/7/2023,0
PAM2_20230307_234000.wav,Site_21,7,3,23,3/7/2023,0
PAM2_20230307_235000.wav,Site_21,7,3,23,3/7/2023,0
PAM2_20230310_201000.wav,Site_21,10,3,23,3/10/2023,1
PAM2_20230310_212000.wav,Site_21,10,3,23,3/10/2023,0
PAM2_20230310_220000.wav,Site_21,10,3,23,3/10/2023,0
PAM2_20230310_224000.wav,Site_21,10,3,23,3/10/2023,0
PAM2_20230312_234000.wav,Site_21,13,3,23,3/13/2023,0
PAM2_20230312_235000.wav,Site_21,13,3,23,3/13/2023,0
PAM2_20230313_004000.wav,Site_21,13,3,23,3/13/2023,0
PAM2_20230313_032000.wav,Site_21,13,3,23,3/13/2023,0
PAM2_20230313_035000.wav,Site_21,13,3,23,3/13/2023,0
PAM2_20230313_041000.wav,Site_21,13,3,23,3/13/2023,0
PAM2_20230313_042000.wav,Site_21,13,3,23,3/13/2023,0
PAM2_20230313_045000.wav,Site_21,13,3,23,3/13/2023,0
PAM2_20230313_052000.wav,Site_21,13,3,23,3/13/2023,0
PAM2_20230313_053000.wav,Site_21,13,3,23,3/13/2023,1
PAM2_20230313_215000.wav,Site_21,13,3,23,3/13/2023,0
PAM2_20230313_223000.wav,Site_21,13,3,23,3/13/2023,0
PAM2_20230314_002000.wav,Site_21,14,3,23,3/14/2023,0
PAM17_20230309_063000.wav,Site_22,9,3,23,3/9/2023,0
PAM17_20230309_071000.wav,Site_22,9,3,23,3/9/2023,0
PAM17_20230309_091000.wav,Site_22,9,3,23,3/9/2023,0
PAM17_20230311_073000.wav,Site_22,11,3,23,3/11/2023,0
PAM17_20230311_084000.wav,Site_22,11,3,23,3/11/2023,0
PAM17_20230311_085000.wav,Site_22,11,3,23,3/11/2023,0
PAM17_20230316_102000.wav,Site_22,16,3,23,3/16/2023,0
PAM17_20230318_091000.wav,Site_22,18,3,23,3/18/2023,0
PAM17_20230319_060000.wav,Site_22,19,3,23,3/19/2023,0
PAM17_20230319_071000.wav,Site_22,19,3,23,3/19/2023,0
PAM17_20230319_074000.wav,Site_22,19,3,23,3/19/2023,0
PAM17_20230319_084000.wav,Site_22,19,3,23,3/19/2023,0
PAM17_20230322_083000.wav,Site_22,22,3,23,3/22/2023,0
PAM17_20230322_091000.wav,Site_22,22,3,23,3/22/2023,0
PAM17_20230326_081000.wav,Site_22,26,3,23,3/26/2023,0
PAM17_20230328_093000.wav,Site_22,28,3,23,3/28/2023,0
PAM17_20230328_104000.wav,Site_22,28,3,23,3/28/2023,0
PAM17_20230329_093000.wav,Site_22,29,3,23,3/29/2023,0
PAM17_20230330_104000.wav,Site_22,30,3,23,3/30/2023,0
PAM17_20230424_064000.wav,Site_22,24,4,23,4/24/2023,0
PAM17_20230425_064000.wav,Site_22,25,4,23,4/25/2023,0
PAM17_20230425_070000.wav,Site_22,25,4,23,4/25/2023,0
PAM17_20230425_071000.wav,Site_22,25,4,23,4/25/2023,0
PAM17_20230425_110000.wav,Site_22,25,4,23,4/25/2023,0
PAM17_20230426_075000.wav,Site_22,26,4,23,4/26/2023,0
PAM17_20230426_102000.wav,Site_22,26,4,23,4/26/2023,0
PAM17_20230426_112000.wav,Site_22,26,4,23,4/26/2023,0
PAM17_20230428_132000.wav,Site_22,28,4,23,4/28/2023,0
PAM17_20230428_165000.wav,Site_22,28,4,23,4/28/2023,0
PAM17_20230428_170000.wav,Site_22,28,4,23,4/28/2023,0
PAM17_20230429_061000.wav,Site_22,29,4,23,4/29/2023,0
PAM17_20230429_062000.wav,Site_22,29,4,23,4/29/2023,0
PAM17_20230429_070000.wav,Site_22,29,4,23,4/29/2023,0
PAM17_20230429_073000.wav,Site_22,29,4,23,4/29/2023,0
PAM17_20230429_091000.wav,Site_22,29,4,23,4/29/2023,0
PAM17_20230429_103000.wav,Site_22,29,4,23,4/29/2023,0
PAM17_20230430_092000.wav,Site_22,30,4,23,4/30/2023,0
PAM12_20230317_100000.wav,Site_26,17,3,23,3/17/2023,0
PAM12_20230318_135000.wav,Site_26,18,3,23,3/18/2023,0
PAM12_20230319_101000.wav,Site_26,19,3,23,3/19/2023,0
PAM12_20230319_112000.wav,Site_26,19,3,23,3/19/2023,0
PAM12_20230417_110000.wav,Site_26,17,4,23,4/17/2023,0
PAM12_20230418_092000.wav,Site_26,18,4,23,4/18/2023,0
PAM12_20230419_153000.wav,Site_26,19,4,23,4/19/2023,0
PAM12_20230420_104000.wav,Site_26,20,4,23,4/20/2023,0
PAM12_20230420_144000.wav,Site_26,20,4,23,4/20/2023,0
PAM12_20230424_085000.wav,Site_26,24,4,23,4/24/2023,0
PAM12_20230424_114000.wav,Site_26,24,4,23,4/24/2023,0
PAM7_20230321_231000.wav,Site_28,22,3,23,3/22/2023,0
PAM7_20230321_233000.wav,Site_28,22,3,23,3/22/2023,0
PAM7_20230321_234000.wav,Site_28,22,3,23,3/22/2023,0
PAM7_20230321_235000.wav,Site_28,22,3,23,3/22/2023,0
PAM7_20230323_083000.wav,Site_28,23,3,23,3/23/2023,0
PAM7_20230324_074000.wav,Site_28,24,3,23,3/24/2023,0
PAM7_20230328_083000.wav,Site_28,28,3,23,3/28/2023,0
PAM7_20230328_104000.wav,Site_28,28,3,23,3/28/2023,0
PAM7_20230331_083000.wav,Site_28,31,3,23,3/31/2023,0
PAM7_20230413_124000.wav,Site_28,13,4,23,4/13/2023,0
PAM7_20230414_081000.wav,Site_28,14,4,23,4/14/2023,0
PAM7_20230416_121000.wav,Site_28,16,4,23,4/16/2023,0
PAM7_20230423_074000.wav,Site_28,23,4,23,4/23/2023,0
PAM4_20230314_230000.wav,Site_29,15,3,23,3/15/2023,0
PAM4_20230314_231000.wav,Site_29,15,3,23,3/15/2023,0
PAM4_20230314_232000.wav,Site_29,15,3,23,3/15/2023,0
PAM4_20230314_234000.wav,Site_29,15,3,23,3/15/2023,0
PAM4_20230314_235000.wav,Site_29,15,3,23,3/15/2023,0
PAM4_20230315_000000.wav,Site_29,15,3,23,3/15/2023,0
PAM4_20230315_001000.wav,Site_29,15,3,23,3/15/2023,0
PAM4_20230315_002000.wav,Site_29,15,3,23,3/15/2023,0
PAM4_20230315_003000.wav,Site_29,15,3,23,3/15/2023,0
PAM4_20230315_004000.wav,Site_29,15,3,23,3/15/2023,0
PAM4_20230315_063000.wav,Site_29,15,3,23,3/15/2023,0
PAM4_20230315_064000.wav,Site_29,15,3,23,3/15/2023,0
PAM4_20230315_065000.wav,Site_29,15,3,23,3/15/2023,0
PAM4_20230315_070000.wav,Site_29,15,3,23,3/15/2023,0
PAM4_20230315_071000.wav,Site_29,15,3,23,3/15/2023,0
PAM4_20230315_073000.wav,Site_29,15,3,23,3/15/2023,0
PAM4_20230315_074000.wav,Site_29,15,3,23,3/15/2023,0
PAM4_20230315_075000.wav,Site_29,15,3,23,3/15/2023,0
PAM4_20230315_080000.wav,Site_29,15,3,23,3/15/2023,0
PAM4_20230315_081000.wav,Site_29,15,3,23,3/15/2023,0
PAM4_20230315_082000.wav,Site_29,15,3,23,3/15/2023,0
PAM4_20230315_083000.wav,Site_29,15,3,23,3/15/2023,0
PAM4_20230315_084000.wav,Site_29,15,3,23,3/15/2023,0
PAM4_20230315_085000.wav,Site_29,15,3,23,3/15/2023,0
PAM4_20230315_090000.wav,Site_29,15,3,23,3/15/2023,0
PAM4_20230315_091000.wav,Site_29,15,3,23,3/15/2023,0
PAM4_20230315_092000.wav,Site_29,15,3,23,3/15/2023,0
PAM4_20230315_093000.wav,Site_29,15,3,23,3/15/2023,0
PAM4_20230315_094000.wav,Site_29,15,3,23,3/15/2023,0
PAM4_20230315_095000.wav,Site_29,15,3,23,3/15/2023,0
PAM4_20230315_100000.wav,Site_29,15,3,23,3/15/2023,0
PAM4_20230315_101000.wav,Site_29,15,3,23,3/15/2023,0
PAM4_20230315_102000.wav,Site_29,15,3,23,3/15/2023,0
PAM4_20230315_103000.wav,Site_29,15,3,23,3/15/2023,0
PAM4_20230315_105000.wav,Site_29,15,3,23,3/15/2023,0
PAM4_20230315_111000.wav,Site_29,15,3,23,3/15/2023,0
PAM4_20230315_112000.wav,Site_29,15,3,23,3/15/2023,0
PAM4_20230315_113000.wav,Site_29,15,3,23,3/15/2023,0
PAM4_20230315_114000.wav,Site_29,15,3,23,3/15/2023,0
PAM4_20230315_120000.wav,Site_29,15,3,23,3/15/2023,0
PAM4_20230315_121000.wav,Site_29,15,3,23,3/15/2023,0
PAM4_20230315_122000.wav,Site_29,15,3,23,3/15/2023,0
PAM4_20230315_133000.wav,Site_29,15,3,23,3/15/2023,0
PAM4_20230321_094000.wav,Site_29,21,3,23,3/21/2023,0
PAM4_20230324_060000.wav,Site_29,24,3,23,3/24/2023,0
PAM4_20230324_061000.wav,Site_29,24,3,23,3/24/2023,0
PAM4_20230324_062000.wav,Site_29,24,3,23,3/24/2023,0
PAM4_20230324_063000.wav,Site_29,24,3,23,3/24/2023,0
PAM4_20230324_064000.wav,Site_29,24,3,23,3/24/2023,0
PAM4_20230324_065000.wav,Site_29,24,3,23,3/24/2023,0
PAM4_20230324_070000.wav,Site_29,24,3,23,3/24/2023,0
PAM4_20230324_071000.wav,Site_29,24,3,23,3/24/2023,0
PAM4_20230324_072000.wav,Site_29,24,3,23,3/24/2023,0
PAM4_20230324_073000.wav,Site_29,24,3,23,3/24/2023,0
PAM4_20230324_074000.wav,Site_29,24,3,23,3/24/2023,0
PAM4_20230324_075000.wav,Site_29,24,3,23,3/24/2023,0
PAM4_20230324_080000.wav,Site_29,24,3,23,3/24/2023,0
PAM4_20230324_081000.wav,Site_29,24,3,23,3/24/2023,0
PAM4_20230324_082000.wav,Site_29,24,3,23,3/24/2023,0
PAM4_20230324_083000.wav,Site_29,24,3,23,3/24/2023,0
PAM4_20230324_084000.wav,Site_29,24,3,23,3/24/2023,0
PAM4_20230324_085000.wav,Site_29,24,3,23,3/24/2023,0
PAM4_20230324_090000.wav,Site_29,24,3,23,3/24/2023,0
PAM4_20230324_091000.wav,Site_29,24,3,23,3/24/2023,0
PAM4_20230324_092000.wav,Site_29,24,3,23,3/24/2023,0
PAM4_20230324_093000.wav,Site_29,24,3,23,3/24/2023,0
PAM4_20230324_094000.wav,Site_29,24,3,23,3/24/2023,0
PAM4_20230324_095000.wav,Site_29,24,3,23,3/24/2023,0
PAM4_20230324_100000.wav,Site_29,24,3,23,3/24/2023,0
PAM4_20230324_101000.wav,Site_29,24,3,23,3/24/2023,0
PAM4_20230324_103000.wav,Site_29,24,3,23,3/24/2023,0
PAM4_20230324_104000.wav,Site_29,24,3,23,3/24/2023,0
PAM4_20230324_105000.wav,Site_29,24,3,23,3/24/2023,0
PAM4_20230324_110000.wav,Site_29,24,3,23,3/24/2023,0
PAM4_20230324_111000.wav,Site_29,24,3,23,3/24/2023,0
PAM4_20230324_112000.wav,Site_29,24,3,23,3/24/2023,0
PAM4_20230324_113000.wav,Site_29,24,3,23,3/24/2023,0
PAM4_20230324_121000.wav,Site_29,24,3,23,3/24/2023,0
PAM20_20230330_094000.wav,Site_30,30,3,23,3/30/2023,0
PAM20_20230412_091000.wav,Site_30,12,4,23,4/12/2023,0
PAM20_20230413_064000.wav,Site_30,13,4,23,4/13/2023,0
PAM20_20230415_100000.wav,Site_30,15,4,23,4/15/2023,0
PAM20_20230420_091000.wav,Site_30,20,4,23,4/20/2023,0
PAM20_20230420_092000.wav,Site_30,20,4,23,4/20/2023,0
PAM18_20230403_225000.wav,Site_31,3,4,23,4/3/2023,1
PAM18_20230412_204000.wav,Site_31,12,4,23,4/12/2023,1
PAM18_20230421_111000.wav,Site_31,21,4,23,4/21/2023,0
PAM18_20230309_075000.wav,Site_36,9,3,23,3/9/2023,0
PAM9_20230316_095000.wav,Site_37,16,3,23,3/16/2023,0
PAM9_20230317_104000.wav,Site_37,17,3,23,3/17/2023,0
PAM9_20230322_071000.wav,Site_37,22,3,23,3/22/2023,0
PAM9_20230322_105000.wav,Site_37,22,3,23,3/22/2023,0
PAM9_20230322_202000.wav,Site_37,22,3,23,3/22/2023,1
PAM9_20230323_002000.wav,Site_37,23,3,23,3/23/2023,1
PAM9_20230323_113000.wav,Site_37,23,3,23,3/23/2023,0
PAM9_20230325_121000.wav,Site_37,25,3,23,3/25/2023,0
PAM9_20230326_162000.wav,Site_37,26,3,23,3/26/2023,0
PAM9_20230327_125000.wav,Site_37,27,3,23,3/27/2023,0
PAM9_20230327_130000.wav,Site_37,27,3,23,3/27/2023,0
PAM9_20230328_140000.wav,Site_37,28,3,23,3/28/2023,0
PAM9_20230329_102000.wav,Site_37,29,3,23,3/29/2023,0
PAM9_20230331_175000.wav,Site_37,31,3,23,3/31/2023,0
PAM9_20230401_233000.wav,Site_37,1,4,23,4/1/2023,0
PAM9_20230402_221000.wav,Site_37,2,4,23,4/2/2023,0
PAM9_20230403_014000.wav,Site_37,3,4,23,4/3/2023,0
PAM9_20230403_220000.wav,Site_37,3,4,23,4/3/2023,0
PAM9_20230403_221000.wav,Site_37,3,4,23,4/3/2023,0
PAM9_20230405_223000.wav,Site_37,5,4,23,4/5/2023,0
PAM9_20230405_231000.wav,Site_37,5,4,23,4/5/2023,0
PAM9_20230406_233000.wav,Site_37,6,4,23,4/6/2023,0
PAM9_20230416_101000.wav,Site_37,16,4,23,4/16/2023,0
PAM9_20230416_103000.wav,Site_37,16,4,23,4/16/2023,0
PAM9_20230416_124000.wav,Site_37,16,4,23,4/16/2023,0
PAM9_20230416_131000.wav,Site_37,16,4,23,4/16/2023,0
PAM9_20230417_083000.wav,Site_37,17,4,23,4/17/2023,0
PAM9_20230417_105000.wav,Site_37,17,4,23,4/17/2023,0
PAM9_20230417_184000.wav,Site_37,17,4,23,4/17/2023,0
PAM9_20230418_080000.wav,Site_37,18,4,23,4/18/2023,0
PAM9_20230418_120000.wav,Site_37,18,4,23,4/18/2023,0
PAM9_20230419_130000.wav,Site_37,19,4,23,4/19/2023,0
PAM9_20230420_112000.wav,Site_37,20,4,23,4/20/2023,0
PAM9_20230420_122000.wav,Site_37,20,4,23,4/20/2023,0
PAM9_20230425_070000.wav,Site_37,25,4,23,4/25/2023,0
PAM9_20230425_122000.wav,Site_37,25,4,23,4/25/2023,0
PAM9_20230425_192000.wav,Site_37,25,4,23,4/25/2023,0
PAM9_20230426_105000.wav,Site_37,26,4,23,4/26/2023,0
PAM10_20230227_081000.wav,Site_38,27,2,23,2/27/2023,0
PAM10_20230227_082000.wav,Site_38,27,2,23,2/27/2023,0
PAM10_20230227_193000.wav,Site_38,27,2,23,2/27/2023,1
PAM10_20230227_194000.wav,Site_38,27,2,23,2/27/2023,1
PAM10_20230227_195000.wav,Site_38,27,2,23,2/27/2023,1
PAM10_20230227_200000.wav,Site_38,27,2,23,2/27/2023,1
PAM10_20230227_212000.wav,Site_38,27,2,23,2/27/2023,1
PAM10_20230227_222000.wav,Site_38,27,2,23,2/27/2023,1
PAM10_20230227_232000.wav,Site_38,27,2,23,2/27/2023,1
PAM10_20230227_233000.wav,Site_38,27,2,23,2/27/2023,1
PAM10_20230227_235000.wav,Site_38,27,2,23,2/27/2023,1
PAM10_20230228_000000.wav,Site_38,28,2,23,2/28/2023,1
PAM10_20230228_032000.wav,Site_38,28,2,23,2/28/2023,1
PAM10_20230228_034000.wav,Site_38,28,2,23,2/28/2023,1
PAM10_20230228_035000.wav,Site_38,28,2,23,2/28/2023,1
PAM10_20230228_041000.wav,Site_38,28,2,23,2/28/2023,1
PAM10_20230228_042000.wav,Site_38,28,2,23,2/28/2023,1
PAM10_20230228_043000.wav,Site_38,28,2,23,2/28/2023,1
PAM10_20230228_055000.wav,Site_38,28,2,23,2/28/2023,1
PAM10_20230228_122000.wav,Site_38,28,2,23,2/28/2023,0
PAM10_20230228_182000.wav,Site_38,28,2,23,2/28/2023,1
PAM10_20230306_230000.wav,Site_38,6,3,23,3/6/2023,1
PAM10_20230306_233000.wav,Site_38,6,3,23,3/6/2023,0
PAM10_20230307_210000.wav,Site_38,7,3,23,3/7/2023,0
PAM10_20230307_211000.wav,Site_38,7,3,23,3/7/2023,0
PAM10_20230307_212000.wav,Site_38,7,3,23,3/7/2023,0
PAM10_20230307_213000.wav,Site_38,7,3,23,3/7/2023,0
PAM10_20230307_214000.wav,Site_38,7,3,23,3/7/2023,0
PAM10_20230307_220000.wav,Site_38,7,3,23,3/7/2023,0
PAM10_20230307_221000.wav,Site_38,7,3,23,3/7/2023,0
PAM10_20230307_222000.wav,Site_38,7,3,23,3/7/2023,0
PAM10_20230307_223000.wav,Site_38,7,3,23,3/7/2023,0
PAM10_20230307_224000.wav,Site_38,7,3,23,3/7/2023,0
PAM10_20230307_225000.wav,Site_38,7,3,23,3/7/2023,0
PAM10_20230307_230000.wav,Site_38,7,3,23,3/7/2023,0
PAM10_20230307_231000.wav,Site_38,7,3,23,3/7/2023,0
PAM10_20230307_232000.wav,Site_38,7,3,23,3/7/2023,0
PAM10_20230307_233000.wav,Site_38,7,3,23,3/7/2023,0
PAM10_20230307_234000.wav,Site_38,7,3,23,3/7/2023,0
PAM10_20230307_235000.wav,Site_38,7,3,23,3/7/2023,0
PAM10_20230313_100000.wav,Site_38,13,3,23,3/13/2023,0
PAM13_20230326_083000.wav,Site_39,26,3,23,3/26/2023,0
PAM13_20230329_201000.wav,Site_39,29,3,23,3/29/2023,0
PAM13_20230413_064000.wav,Site_39,13,4,23,4/13/2023,0
PAM13_20230414_074000.wav,Site_39,14,4,23,4/14/2023,0
PAM5_20230225_000000.wav,Site_41,25,2,23,2/25/2023,1
PAM5_20230225_001000.wav,Site_41,25,2,23,2/25/2023,1
PAM5_20230225_004000.wav,Site_41,25,2,23,2/25/2023,1
PAM5_20230225_013000.wav,Site_41,25,2,23,2/25/2023,1
PAM5_20230225_014000.wav,Site_41,25,2,23,2/25/2023,1
PAM5_20230225_015000.wav,Site_41,25,2,23,2/25/2023,1
PAM5_20230225_020000.wav,Site_41,25,2,23,2/25/2023,1
PAM5_20230225_022000.wav,Site_41,25,2,23,2/25/2023,1
PAM5_20230225_023000.wav,Site_41,25,2,23,2/25/2023,1
PAM5_20230225_024000.wav,Site_41,25,2,23,2/25/2023,2
PAM5_20230225_025000.wav,Site_41,25,2,23,2/25/2023,1
PAM5_20230225_030000.wav,Site_41,25,2,23,2/25/2023,1
PAM5_20230225_031000.wav,Site_41,25,2,23,2/25/2023,1
PAM5_20230225_032000.wav,Site_41,25,2,23,2/25/2023,1
PAM5_20230225_033000.wav,Site_41,25,2,23,2/25/2023,2
PAM5_20230225_035000.wav,Site_41,25,2,23,2/25/2023,2
PAM5_20230225_040000.wav,Site_41,25,2,23,2/25/2023,1
PAM5_20230225_051000.wav,Site_41,25,2,23,2/25/2023,1
PAM5_20230225_053000.wav,Site_41,25,2,23,2/25/2023,1
PAM5_20230225_054000.wav,Site_41,25,2,23,2/25/2023,2
PAM5_20230225_055000.wav,Site_41,25,2,23,2/25/2023,1
PAM5_20230225_061000.wav,Site_41,25,2,23,2/25/2023,2
PAM5_20230225_063000.wav,Site_41,25,2,23,2/25/2023,1
PAM5_20230225_182000.wav,Site_41,25,2,23,2/25/2023,1
PAM5_20230225_183000.wav,Site_41,25,2,23,2/25/2023,1
PAM5_20230225_184000.wav,Site_41,25,2,23,2/25/2023,1
PAM5_20230225_185000.wav,Site_41,25,2,23,2/25/2023,1
PAM5_20230225_190000.wav,Site_41,25,2,23,2/25/2023,1
PAM5_20230225_192000.wav,Site_41,25,2,23,2/25/2023,2
PAM5_20230225_193000.wav,Site_41,25,2,23,2/25/2023,2
PAM5_20230225_194000.wav,Site_41,25,2,23,2/25/2023,2
PAM5_20230225_195000.wav,Site_41,25,2,23,2/25/2023,2
PAM5_20230225_201000.wav,Site_41,25,2,23,2/25/2023,2
PAM5_20230225_203000.wav,Site_41,25,2,23,2/25/2023,1
PAM5_20230225_212000.wav,Site_41,25,2,23,2/25/2023,1
PAM5_20230225_214000.wav,Site_41,25,2,23,2/25/2023,1
PAM5_20230225_223000.wav,Site_41,25,2,23,2/25/2023,1
PAM5_20230225_224000.wav,Site_41,25,2,23,2/25/2023,1
PAM5_20230225_230000.wav,Site_41,25,2,23,2/25/2023,1
PAM5_20230225_232000.wav,Site_41,25,2,23,2/25/2023,2
PAM5_20230225_234000.wav,Site_41,25,2,23,2/25/2023,1
PAM5_20230226_000000.wav,Site_41,26,2,23,2/26/2023,2
PAM5_20230226_002000.wav,Site_41,26,2,23,2/26/2023,2
PAM5_20230226_003000.wav,Site_41,26,2,23,2/26/2023,1
PAM5_20230226_031000.wav,Site_41,26,2,23,2/26/2023,1
PAM5_20230226_041000.wav,Site_41,26,2,23,2/26/2023,1
PAM5_20230226_095000.wav,Site_41,26,2,23,2/26/2023,1
PAM5_20230226_182000.wav,Site_41,26,2,23,2/26/2023,1
PAM5_20230226_183000.wav,Site_41,26,2,23,2/26/2023,1
PAM5_20230226_184000.wav,Site_41,26,2,23,2/26/2023,1
PAM5_20230226_185000.wav,Site_41,26,2,23,2/26/2023,1
PAM5_20230226_190000.wav,Site_41,26,2,23,2/26/2023,1
PAM5_20230226_191000.wav,Site_41,26,2,23,2/26/2023,2
PAM5_20230226_192000.wav,Site_41,26,2,23,2/26/2023,2
PAM5_20230226_194000.wav,Site_41,26,2,23,2/26/2023,1
PAM5_20230226_201000.wav,Site_41,26,2,23,2/26/2023,1
PAM5_20230226_202000.wav,Site_41,26,2,23,2/26/2023,1
PAM5_20230226_212000.wav,Site_41,26,2,23,2/26/2023,1
PAM5_20230226_214000.wav,Site_41,26,2,23,2/26/2023,1
PAM5_20230226_215000.wav,Site_41,26,2,23,2/26/2023,1
PAM5_20230226_222000.wav,Site_41,26,2,23,2/26/2023,1
PAM5_20230226_224000.wav,Site_41,26,2,23,2/26/2023,1
PAM5_20230226_225000.wav,Site_41,26,2,23,2/26/2023,1
PAM5_20230226_231000.wav,Site_41,26,2,23,2/26/2023,2
PAM5_20230226_232000.wav,Site_41,26,2,23,2/26/2023,2
PAM5_20230226_234000.wav,Site_41,26,2,23,2/26/2023,1
PAM5_20230226_235000.wav,Site_41,26,2,23,2/26/2023,2
PAM5_20230227_000000.wav,Site_41,27,2,23,2/27/2023,2
PAM5_20230227_001000.wav,Site_41,27,2,23,2/27/2023,2
PAM5_20230227_003000.wav,Site_41,27,2,23,2/27/2023,2
PAM5_20230227_010000.wav,Site_41,27,2,23,2/27/2023,2
PAM5_20230227_012000.wav,Site_41,27,2,23,2/27/2023,1
PAM5_20230227_025000.wav,Site_41,27,2,23,2/27/2023,1
PAM5_20230227_031000.wav,Site_41,27,2,23,2/27/2023,1
PAM5_20230227_032000.wav,Site_41,27,2,23,2/27/2023,2
PAM5_20230227_033000.wav,Site_41,27,2,23,2/27/2023,2
PAM5_20230227_050000.wav,Site_41,27,2,23,2/27/2023,1
PAM5_20230227_052000.wav,Site_41,27,2,23,2/27/2023,1
PAM5_20230227_182000.wav,Site_41,27,2,23,2/27/2023,1
PAM5_20230227_183000.wav,Site_41,27,2,23,2/27/2023,2
PAM5_20230227_184000.wav,Site_41,27,2,23,2/27/2023,1
PAM5_20230227_185000.wav,Site_41,27,2,23,2/27/2023,2
PAM5_20230227_191000.wav,Site_41,27,2,23,2/27/2023,1
PAM5_20230227_192000.wav,Site_41,27,2,23,2/27/2023,1
PAM5_20230227_194000.wav,Site_41,27,2,23,2/27/2023,2
PAM5_20230227_195000.wav,Site_41,27,2,23,2/27/2023,2
PAM5_20230227_200000.wav,Site_41,27,2,23,2/27/2023,1
PAM5_20230227_201000.wav,Site_41,27,2,23,2/27/2023,1
PAM5_20230227_202000.wav,Site_41,27,2,23,2/27/2023,2
PAM5_20230227_203000.wav,Site_41,27,2,23,2/27/2023,1
PAM5_20230227_205000.wav,Site_41,27,2,23,2/27/2023,1
PAM5_20230227_210000.wav,Site_41,27,2,23,2/27/2023,1
PAM5_20230227_213000.wav,Site_41,27,2,23,2/27/2023,1
PAM5_20230227_220000.wav,Site_41,27,2,23,2/27/2023,1
PAM5_20230227_221000.wav,Site_41,27,2,23,2/27/2023,1
PAM5_20230227_223000.wav,Site_41,27,2,23,2/27/2023,1
PAM5_20230227_224000.wav,Site_41,27,2,23,2/27/2023,1
PAM5_20230227_225000.wav,Site_41,27,2,23,2/27/2023,1
PAM5_20230227_230000.wav,Site_41,27,2,23,2/27/2023,1
PAM5_20230227_232000.wav,Site_41,27,2,23,2/27/2023,1
PAM5_20230228_013000.wav,Site_41,28,2,23,2/28/2023,1
PAM5_20230228_014000.wav,Site_41,28,2,23,2/28/2023,1
PAM5_20230228_020000.wav,Site_41,28,2,23,2/28/2023,1
PAM5_20230228_021000.wav,Site_41,28,2,23,2/28/2023,2
PAM5_20230228_023000.wav,Site_41,28,2,23,2/28/2023,1
PAM5_20230228_030000.wav,Site_41,28,2,23,2/28/2023,1
PAM5_20230228_031000.wav,Site_41,28,2,23,2/28/2023,1
PAM5_20230228_034000.wav,Site_41,28,2,23,2/28/2023,1
PAM5_20230228_041000.wav,Site_41,28,2,23,2/28/2023,1
PAM5_20230228_044000.wav,Site_41,28,2,23,2/28/2023,1
PAM5_20230228_060000.wav,Site_41,28,2,23,2/28/2023,1
PAM5_20230228_061000.wav,Site_41,28,2,23,2/28/2023,1
PAM5_20230228_071000.wav,Site_41,28,2,23,2/28/2023,1
PAM5_20230228_181000.wav,Site_41,28,2,23,2/28/2023,1
PAM5_20230228_183000.wav,Site_41,28,2,23,2/28/2023,1
PAM5_20230228_190000.wav,Site_41,28,2,23,2/28/2023,1
PAM5_20230228_192000.wav,Site_41,28,2,23,2/28/2023,1
PAM5_20230228_193000.wav,Site_41,28,2,23,2/28/2023,1
PAM5_20230228_195000.wav,Site_41,28,2,23,2/28/2023,1
PAM5_20230228_214000.wav,Site_41,28,2,23,2/28/2023,1
PAM5_20230228_221000.wav,Site_41,28,2,23,2/28/2023,1
PAM5_20230228_223000.wav,Site_41,28,2,23,2/28/2023,1
PAM5_20230228_233000.wav,Site_41,28,2,23,2/28/2023,1
PAM5_20230228_234000.wav,Site_41,28,2,23,2/28/2023,1
PAM5_20230301_032000.wav,Site_41,1,3,23,3/1/2023,1
PAM5_20230303_030000.wav,Site_41,3,3,23,3/3/2023,1
PAM5_20230303_042000.wav,Site_41,3,3,23,3/3/2023,1
PAM5_20230304_193000.wav,Site_41,4,3,23,3/4/2023,1
PAM5_20230306_025000.wav,Site_41,6,3,23,3/6/2023,1
PAM5_20230307_005000.wav,Site_41,7,3,23,3/7/2023,1
PAM5_20230318_053000.wav,Site_41,18,3,23,3/18/2023,1
PAM5_20230318_054000.wav,Site_41,18,3,23,3/18/2023,1
PAM5_20230318_055000.wav,Site_41,18,3,23,3/18/2023,1
PAM5_20230321_185000.wav,Site_41,21,3,23,3/21/2023,1
PAM5_20230321_190000.wav,Site_41,21,3,23,3/21/2023,1
PAM5_20230321_192000.wav,Site_41,21,3,23,3/21/2023,1
PAM5_20230321_193000.wav,Site_41,21,3,23,3/21/2023,1
PAM5_20230321_194000.wav,Site_41,21,3,23,3/21/2023,1
PAM5_20230321_200000.wav,Site_41,21,3,23,3/21/2023,2
PAM5_20230321_201000.wav,Site_41,21,3,23,3/21/2023,1
PAM5_20230321_211000.wav,Site_41,21,3,23,3/21/2023,2
PAM5_20230321_212000.wav,Site_41,21,3,23,3/21/2023,2
PAM5_20230321_214000.wav,Site_41,21,3,23,3/21/2023,1
PAM5_20230321_215000.wav,Site_41,21,3,23,3/21/2023,2
PAM5_20230321_220000.wav,Site_41,21,3,23,3/21/2023,1
PAM5_20230321_221000.wav,Site_41,21,3,23,3/21/2023,2
PAM5_20230321_223000.wav,Site_41,21,3,23,3/21/2023,2
PAM5_20230321_224000.wav,Site_41,21,3,23,3/21/2023,2
PAM5_20230321_233000.wav,Site_41,22,3,23,3/22/2023,2
PAM5_20230321_234000.wav,Site_41,22,3,23,3/22/2023,2
PAM5_20230322_001000.wav,Site_41,22,3,23,3/22/2023,2
PAM5_20230322_004000.wav,Site_41,22,3,23,3/22/2023,2
PAM5_20230322_010000.wav,Site_41,22,3,23,3/22/2023,2
PAM5_20230322_011000.wav,Site_41,22,3,23,3/22/2023,2
PAM5_20230322_012000.wav,Site_41,22,3,23,3/22/2023,2
PAM5_20230322_020000.wav,Site_41,22,3,23,3/22/2023,2
PAM5_20230322_021000.wav,Site_41,22,3,23,3/22/2023,2
PAM5_20230322_022000.wav,Site_41,22,3,23,3/22/2023,2
PAM5_20230322_024000.wav,Site_41,22,3,23,3/22/2023,2
PAM5_20230322_025000.wav,Site_41,22,3,23,3/22/2023,2
PAM5_20230322_031000.wav,Site_41,22,3,23,3/22/2023,2
PAM5_20230322_033000.wav,Site_41,22,3,23,3/22/2023,2
PAM5_20230322_034000.wav,Site_41,22,3,23,3/22/2023,2
PAM5_20230322_035000.wav,Site_41,22,3,23,3/22/2023,2
PAM5_20230322_040000.wav,Site_41,22,3,23,3/22/2023,2
PAM5_20230322_042000.wav,Site_41,22,3,23,3/22/2023,1
PAM5_20230322_043000.wav,Site_41,22,3,23,3/22/2023,1
PAM5_20230322_044000.wav,Site_41,22,3,23,3/22/2023,1
PAM5_20230322_045000.wav,Site_41,22,3,23,3/22/2023,2
PAM5_20230322_050000.wav,Site_41,22,3,23,3/22/2023,2
PAM5_20230322_051000.wav,Site_41,22,3,23,3/22/2023,2
PAM5_20230322_054000.wav,Site_41,22,3,23,3/22/2023,1
PAM5_20230322_055000.wav,Site_41,22,3,23,3/22/2023,2
PAM5_20230322_185000.wav,Site_41,22,3,23,3/22/2023,1
PAM5_20230322_192000.wav,Site_41,22,3,23,3/22/2023,2
PAM5_20230322_193000.wav,Site_41,22,3,23,3/22/2023,2
PAM5_20230322_194000.wav,Site_41,22,3,23,3/22/2023,2
PAM5_20230322_195000.wav,Site_41,22,3,23,3/22/2023,2
PAM5_20230322_200000.wav,Site_41,22,3,23,3/22/2023,2
PAM5_20230322_201000.wav,Site_41,22,3,23,3/22/2023,2
PAM5_20230322_203000.wav,Site_41,22,3,23,3/22/2023,2
PAM5_20230322_204000.wav,Site_41,22,3,23,3/22/2023,2
PAM5_20230322_205000.wav,Site_41,22,3,23,3/22/2023,2
PAM5_20230322_210000.wav,Site_41,22,3,23,3/22/2023,2
PAM5_20230322_212000.wav,Site_41,22,3,23,3/22/2023,2
PAM5_20230322_213000.wav,Site_41,22,3,23,3/22/2023,2
PAM5_20230322_215000.wav,Site_41,22,3,23,3/22/2023,1
PAM5_20230322_220000.wav,Site_41,22,3,23,3/22/2023,2
PAM5_20230322_221000.wav,Site_41,22,3,23,3/22/2023,2
PAM5_20230322_222000.wav,Site_41,22,3,23,3/22/2023,2
PAM5_20230322_223000.wav,Site_41,22,3,23,3/22/2023,2
PAM5_20230322_224000.wav,Site_41,22,3,23,3/22/2023,2
PAM5_20230322_225000.wav,Site_41,22,3,23,3/22/2023,2
PAM5_20230322_230000.wav,Site_41,23,3,23,3/23/2023,2
PAM5_20230322_231000.wav,Site_41,23,3,23,3/23/2023,2
PAM5_20230322_232000.wav,Site_41,23,3,23,3/23/2023,2
PAM5_20230322_233000.wav,Site_41,23,3,23,3/23/2023,2
PAM5_20230322_234000.wav,Site_41,23,3,23,3/23/2023,2
PAM5_20230322_235000.wav,Site_41,23,3,23,3/23/2023,2
PAM5_20230323_001000.wav,Site_41,23,3,23,3/23/2023,2
PAM5_20230323_002000.wav,Site_41,23,3,23,3/23/2023,2
PAM5_20230323_003000.wav,Site_41,23,3,23,3/23/2023,2
PAM5_20230323_004000.wav,Site_41,23,3,23,3/23/2023,2
PAM5_20230323_005000.wav,Site_41,23,3,23,3/23/2023,2
PAM5_20230323_011000.wav,Site_41,23,3,23,3/23/2023,2
PAM5_20230323_013000.wav,Site_41,23,3,23,3/23/2023,2
PAM5_20230323_014000.wav,Site_41,23,3,23,3/23/2023,2
PAM5_20230323_020000.wav,Site_41,23,3,23,3/23/2023,2
PAM5_20230323_021000.wav,Site_41,23,3,23,3/23/2023,2
PAM5_20230323_022000.wav,Site_41,23,3,23,3/23/2023,2
PAM5_20230323_030000.wav,Site_41,23,3,23,3/23/2023,2
PAM5_20230323_032000.wav,Site_41,23,3,23,3/23/2023,2
PAM5_20230323_035000.wav,Site_41,23,3,23,3/23/2023,2
PAM5_20230323_040000.wav,Site_41,23,3,23,3/23/2023,2
PAM5_20230323_182000.wav,Site_41,23,3,23,3/23/2023,1
PAM5_20230323_183000.wav,Site_41,23,3,23,3/23/2023,1
PAM5_20230323_194000.wav,Site_41,23,3,23,3/23/2023,2
PAM5_20230323_200000.wav,Site_41,23,3,23,3/23/2023,1
PAM5_20230323_201000.wav,Site_41,23,3,23,3/23/2023,1
PAM5_20230323_213000.wav,Site_41,23,3,23,3/23/2023,1
PAM5_20230323_214000.wav,Site_41,23,3,23,3/23/2023,1
PAM5_20230323_215000.wav,Site_41,23,3,23,3/23/2023,1
PAM5_20230323_223000.wav,Site_41,23,3,23,3/23/2023,1
PAM5_20230323_224000.wav,Site_41,23,3,23,3/23/2023,1
PAM5_20230323_225000.wav,Site_41,23,3,23,3/23/2023,1
PAM5_20230323_231000.wav,Site_41,24,3,23,3/24/2023,2
PAM5_20230323_233000.wav,Site_41,24,3,23,3/24/2023,1
PAM5_20230323_234000.wav,Site_41,24,3,23,3/24/2023,2
PAM5_20230323_235000.wav,Site_41,24,3,23,3/24/2023,2
PAM5_20230324_000000.wav,Site_41,24,3,23,3/24/2023,2
PAM5_20230324_001000.wav,Site_41,24,3,23,3/24/2023,1
PAM5_20230324_002000.wav,Site_41,24,3,23,3/24/2023,2
PAM5_20230324_003000.wav,Site_41,24,3,23,3/24/2023,1
PAM5_20230324_004000.wav,Site_41,24,3,23,3/24/2023,1
PAM5_20230324_005000.wav,Site_41,24,3,23,3/24/2023,1
PAM5_20230324_010000.wav,Site_41,24,3,23,3/24/2023,1
PAM5_20230324_011000.wav,Site_41,24,3,23,3/24/2023,2
PAM5_20230324_012000.wav,Site_41,24,3,23,3/24/2023,2
PAM5_20230324_015000.wav,Site_41,24,3,23,3/24/2023,1
PAM5_20230324_022000.wav,Site_41,24,3,23,3/24/2023,2
PAM5_20230324_024000.wav,Site_41,24,3,23,3/24/2023,2
PAM5_20230324_025000.wav,Site_41,24,3,23,3/24/2023,2
PAM5_20230324_030000.wav,Site_41,24,3,23,3/24/2023,2
PAM5_20230324_031000.wav,Site_41,24,3,23,3/24/2023,2
PAM5_20230324_032000.wav,Site_41,24,3,23,3/24/2023,2
PAM5_20230324_033000.wav,Site_41,24,3,23,3/24/2023,2
PAM5_20230324_034000.wav,Site_41,24,3,23,3/24/2023,2
PAM5_20230324_035000.wav,Site_41,24,3,23,3/24/2023,2
PAM5_20230324_040000.wav,Site_41,24,3,23,3/24/2023,2
PAM5_20230324_041000.wav,Site_41,24,3,23,3/24/2023,1
PAM5_20230324_042000.wav,Site_41,24,3,23,3/24/2023,1
PAM5_20230324_043000.wav,Site_41,24,3,23,3/24/2023,2
PAM5_20230324_045000.wav,Site_41,24,3,23,3/24/2023,1
PAM5_20230324_050000.wav,Site_41,24,3,23,3/24/2023,2
PAM5_20230324_053000.wav,Site_41,24,3,23,3/24/2023,2
PAM5_20230413_093000.wav,Site_41,13,4,23,4/13/2023,0
PAM5_20230415_171000.wav,Site_41,15,4,23,4/15/2023,0
PAM5_20230416_000000.wav,Site_41,16,4,23,4/16/2023,1
PAM5_20230416_210000.wav,Site_41,16,4,23,4/16/2023,1
PAM5_20230416_220000.wav,Site_41,16,4,23,4/16/2023,1
PAM5_20230416_230000.wav,Site_41,16,4,23,4/16/2023,1
PAM5_20230416_234000.wav,Site_41,16,4,23,4/16/2023,1
PAM5_20230416_235000.wav,Site_41,16,4,23,4/16/2023,1
PAM5_20230419_145000.wav,Site_41,19,4,23,4/19/2023,0
PAM5_20230420_054000.wav,Site_41,20,4,23,4/20/2023,0
PAM5_20230420_080000.wav,Site_41,20,4,23,4/20/2023,0
PAM5_20230424_150000.wav,Site_41,24,4,23,4/24/2023,0
PAM6_20230305_210000.wav,Site_46,5,3,23,3/5/2023,0
PAM6_20230305_212000.wav,Site_46,5,3,23,3/5/2023,0
PAM6_20230305_214000.wav,Site_46,5,3,23,3/5/2023,0
PAM6_20230305_215000.wav,Site_46,5,3,23,3/5/2023,0
PAM6_20230305_220000.wav,Site_46,5,3,23,3/5/2023,0
PAM6_20230305_223000.wav,Site_46,5,3,23,3/5/2023,0
PAM6_20230305_225000.wav,Site_46,5,3,23,3/5/2023,0
PAM6_20230305_231000.wav,Site_46,5,3,23,3/5/2023,0
PAM6_20230305_233000.wav,Site_46,5,3,23,3/5/2023,0
PAM6_20230305_234000.wav,Site_46,5,3,23,3/5/2023,0
PAM6_20230306_210000.wav,Site_46,6,3,23,3/6/2023,0
PAM6_20230306_215000.wav,Site_46,6,3,23,3/6/2023,0
PAM6_20230306_221000.wav,Site_46,6,3,23,3/6/2023,0
PAM6_20230306_222000.wav,Site_46,6,3,23,3/6/2023,0
PAM6_20230306_230000.wav,Site_46,6,3,23,3/6/2023,0
PAM6_20230306_231000.wav,Site_46,6,3,23,3/6/2023,0
PAM6_20230306_232000.wav,Site_46,6,3,23,3/6/2023,0
PAM6_20230306_233000.wav,Site_46,6,3,23,3/6/2023,0
PAM6_20230306_234000.wav,Site_46,6,3,23,3/6/2023,0
PAM6_20230307_210000.wav,Site_46,7,3,23,3/7/2023,0
PAM6_20230307_212000.wav,Site_46,7,3,23,3/7/2023,0
PAM6_20230307_213000.wav,Site_46,7,3,23,3/7/2023,0
PAM6_20230307_214000.wav,Site_46,7,3,23,3/7/2023,0
PAM6_20230307_215000.wav,Site_46,7,3,23,3/7/2023,0
PAM6_20230307_220000.wav,Site_46,7,3,23,3/7/2023,0
PAM6_20230307_221000.wav,Site_46,7,3,23,3/7/2023,0
PAM6_20230307_222000.wav,Site_46,7,3,23,3/7/2023,0
PAM6_20230307_224000.wav,Site_46,7,3,23,3/7/2023,0
PAM6_20230307_231000.wav,Site_46,7,3,23,3/7/2023,0
PAM6_20230307_232000.wav,Site_46,7,3,23,3/7/2023,0
PAM6_20230307_235000.wav,Site_46,7,3,23,3/7/2023,0
PAM6_20230413_112000.wav,Site_46,13,4,23,4/13/2023,0
PAM6_20230425_151000.wav,Site_46,25,4,23,4/25/2023,0
PAM16_20230306_210000.wav,Site_49,6,3,23,3/6/2023,0
PAM16_20230306_211000.wav,Site_49,6,3,23,3/6/2023,1
PAM16_20230306_213000.wav,Site_49,6,3,23,3/6/2023,0
PAM16_20230306_221000.wav,Site_49,6,3,23,3/6/2023,0
PAM16_20230306_223000.wav,Site_49,6,3,23,3/6/2023,0
PAM19_20230325_235000.wav,Site_50,25,3,23,3/25/2023,1
PAM19_20230326_000000.wav,Site_50,26,3,23,3/26/2023,1
PAM19_20230326_004000.wav,Site_50,26,3,23,3/26/2023,1
PAM19_20230326_010000.wav,Site_50,26,3,23,3/26/2023,1
PAM19_20230326_011000.wav,Site_50,26,3,23,3/26/2023,1
PAM19_20230326_012000.wav,Site_50,26,3,23,3/26/2023,1
PAM19_20230326_013000.wav,Site_50,26,3,23,3/26/2023,1
PAM19_20230326_014000.wav,Site_50,26,3,23,3/26/2023,1
PAM19_20230326_020000.wav,Site_50,26,3,23,3/26/2023,1
PAM19_20230326_021000.wav,Site_50,26,3,23,3/26/2023,1
PAM19_20230326_030000.wav,Site_50,26,3,23,3/26/2023,1
PAM19_20230326_031000.wav,Site_50,26,3,23,3/26/2023,1
PAM19_20230326_184000.wav,Site_50,26,3,23,3/26/2023,1
PAM19_20230326_185000.wav,Site_50,26,3,23,3/26/2023,1
PAM19_20230326_202000.wav,Site_50,26,3,23,3/26/2023,1
PAM19_20230326_204000.wav,Site_50,26,3,23,3/26/2023,1
PAM19_20230328_012000.wav,Site_50,28,3,23,3/28/2023,1
PAM19_20230328_021000.wav,Site_50,28,3,23,3/28/2023,1
PAM19_20230328_022000.wav,Site_50,28,3,23,3/28/2023,1
PAM19_20230328_024000.wav,Site_50,28,3,23,3/28/2023,1
PAM19_20230328_040000.wav,Site_50,28,3,23,3/28/2023,1
PAM19_20230416_233000.wav,Site_50,16,4,23,4/16/2023,1
PAM19_20230417_035000.wav,Site_50,17,4,23,4/17/2023,1
PAM19_20230417_043000.wav,Site_50,17,4,23,4/17/2023,1
PAM19_20230417_054000.wav,Site_50,17,4,23,4/17/2023,1
PAM19_20230417_064000.wav,Site_50,17,4,23,4/17/2023,0
PAM8_20230328_015000.wav,Site_56,28,3,23,3/28/2023,1
PAM8_20230328_020000.wav,Site_56,28,3,23,3/28/2023,1
PAM8_20230328_023000.wav,Site_56,28,3,23,3/28/2023,1
PAM8_20230328_053000.wav,Site_56,28,3,23,3/28/2023,1
PAM8_20230328_114000.wav,Site_56,28,3,23,3/28/2023,0
PAM8_20230328_115000.wav,Site_56,28,3,23,3/28/2023,0
PAM8_20230329_234000.wav,Site_56,29,3,23,3/29/2023,1
PAM8_20230330_000000.wav,Site_56,30,3,23,3/30/2023,1
PAM8_20230330_005000.wav,Site_56,30,3,23,3/30/2023,1
PAM8_20230330_011000.wav,Site_56,30,3,23,3/30/2023,1
PAM8_20230330_015000.wav,Site_56,30,3,23,3/30/2023,1
PAM8_20230412_091000.wav,Site_56,12,4,23,4/12/2023,0
PAM8_20230413_110000.wav,Site_56,13,4,23,4/13/2023,0
PAM8_20230414_065000.wav,Site_56,14,4,23,4/14/2023,0
PAM8_20230415_080000.wav,Site_56,15,4,23,4/15/2023,0
PAM8_20230415_152000.wav,Site_56,15,4,23,4/15/2023,0
PAM8_20230420_083000.wav,Site_56,20,4,23,4/20/2023,0
PAM8_20230426_084000.wav,Site_56,26,4,23,4/26/2023,0
PAM8_20230430_124000.wav,Site_56,30,4,23,4/30/2023,0
PAM15_20230321_073000.wav,Site_60,21,3,23,3/21/2023,1
PAM15_20230321_142000.wav,Site_60,21,3,23,3/21/2023,1
PAM15_20230321_145000.wav,Site_60,21,3,23,3/21/2023,1
PAM15_20230321_152000.wav,Site_60,21,3,23,3/21/2023,1
PAM15_20230321_153000.wav,Site_60,21,3,23,3/21/2023,1
PAM15_20230322_072000.wav,Site_60,22,3,23,3/22/2023,1
PAM15_20230322_133000.wav,Site_60,22,3,23,3/22/2023,1
PAM15_20230322_135000.wav,Site_60,22,3,23,3/22/2023,1
PAM15_20230322_155000.wav,Site_60,22,3,23,3/22/2023,1
PAM15_20230322_162000.wav,Site_60,22,3,23,3/22/2023,1
PAM15_20230322_170000.wav,Site_60,22,3,23,3/22/2023,1
PAM15_20230323_003000.wav,Site_60,23,3,23,3/23/2023,1
PAM15_20230324_073000.wav,Site_60,24,3,23,3/24/2023,1
PAM15_20230324_202000.wav,Site_60,24,3,23,3/24/2023,1
PAM15_20230324_203000.wav,Site_60,24,3,23,3/24/2023,1
PAM15_20230324_204000.wav,Site_60,24,3,23,3/24/2023,1
PAM15_20230325_083000.wav,Site_60,25,3,23,3/25/2023,1
PAM15_20230325_121000.wav,Site_60,25,3,23,3/25/2023,1
PAM15_20230325_130000.wav,Site_60,25,3,23,3/25/2023,1
PAM15_20230413_192000.wav,Site_60,13,4,23,4/13/2023,1
PAM15_20230414_003000.wav,Site_60,14,4,23,4/14/2023,1
PAM15_20230416_034000.wav,Site_60,16,4,23,4/16/2023,1
PAM15_20230417_195000.wav,Site_60,17,4,23,4/17/2023,1
PAM15_20230417_205000.wav,Site_60,17,4,23,4/17/2023,1
PAM15_20230417_215000.wav,Site_60,17,4,23,4/17/2023,1
PAM15_20230417_221000.wav,Site_60,17,4,23,4/17/2023,1
PAM15_20230417_231000.wav,Site_60,17,4,23,4/17/2023,1
PAM15_20230417_233000.wav,Site_60,17,4,23,4/17/2023,1
PAM15_20230418_010000.wav,Site_60,18,4,23,4/18/2023,1
PAM15_20230418_012000.wav,Site_60,18,4,23,4/18/2023,1
PAM15_20230418_023000.wav,Site_60,18,4,23,4/18/2023,1
PAM15_20230418_035000.wav,Site_60,18,4,23,4/18/2023,1
PAM15_20230418_040000.wav,Site_60,18,4,23,4/18/2023,1
PAM16_20230327_233000.wav,Site_65,27,3,23,3/27/2023,1
PAM16_20230328_173000.wav,Site_65,28,3,23,3/28/2023,1
PAM16_20230406_014000.wav,Site_65,6,4,23,4/6/2023,0
PAM16_20230413_064000.wav,Site_65,13,4,23,4/13/2023,0
PAM11_20230329_170000.wav,Site_73,29,3,23,3/29/2023,1
PAM11_20230329_171000.wav,Site_73,29,3,23,3/29/2023,1
PAM11_20230401_212000.wav,Site_73,1,4,23,4/1/2023,1
PAM11_20230402_221000.wav,Site_73,2,4,23,4/2/2023,1
PAM11_20230402_223000.wav,Site_73,2,4,23,4/2/2023,1
PAM11_20230407_223000.wav,Site_73,7,4,23,4/7/2023,1
PAM3_20230228_062000.wav,Site_9,28,2,23,2/28/2023,0
PAM3_20230313_061000.wav,Site_9,13,3,23,3/13/2023,0
PAM3_20230314_082000.wav,Site_9,14,3,23,3/14/2023,0
PAM3_20230318_094000.wav,Site_9,18,3,23,3/18/2023,0
PAM3_20230416_122000.wav,Site_9,16,4,23,4/16/2023,0
PAM3_20230418_123000.wav,Site_9,18,4,23,4/18/2023,0
PAM3_20230428_112000.wav,Site_9,28,4,23,4/28/2023,0
PAM3_20230429_152000.wav,Site_9,29,4,23,4/29/2023,0
PAM17_20230303_030000.wav,training,3,3,23,3/3/2023,0
PAM17_20230303_043000.wav,training,3,3,23,3/3/2023,0
